id,games_year,name_from_roster,sport_from_roster
149062,2022,A. J. Hurt,Alpine Skiing
149183,2022,Alix Wilkinson,Alpine Skiing
138248,2022,Bryce Bennett,Alpine Skiing
149066,2022,Isabella Wright,Alpine Skiing
128670,2022,Jackie Wiles,Alpine Skiing
149061,2022,Katie Hensien,Alpine Skiing
2302012,2022,Keely Cashman,Alpine Skiing
149067,2022,Luke Winters,Alpine Skiing
128669,2022,Mikaela Shiffrin,Alpine Skiing
149065,2022,Nina O'Brien,Alpine Skiing
149064,2022,Paula Moltzan,Alpine Skiing
2302013,2022,River Radamus,Alpine Skiing
138251,2022,Ryan Cochran-Siegle,Alpine Skiing
118481,2022,Tommy Ford,Alpine Skiing
128672,2022,Travis Ganong,Alpine Skiing
138396,2022,Tricia Mangan,Alpine Skiing
138255,2022,Clare Egan,Biathlon
149076,2022,Deedra Irwin,Biathlon
149077,2022,Jake Brown,Biathlon
138257,2022,Joanne Reid,Biathlon
128680,2022,Leif Nordgren,Biathlon
149078,2022,Paul Schommer,Biathlon
128679,2022,Sean Doherty,Biathlon
128677,2022,Susan Dunklee,Biathlon
138264,2022,Carlo Valdes,Bobsleigh
149074,2022,Charlie Volker,Bobsleigh
118644,2022,Elana Meyers Taylor,Bobsleigh
149071,2022,Frankie Del Duca,Bobsleigh
138259,2022,Hakeem Abdul-Saboor,Bobsleigh
149070,2022,Hunter Church,Bobsleigh
149073,2022,James Reed,Bobsleigh
149075,2022,Josh Williamson,Bobsleigh
118672,2022,Kaillie Humphries,Bobsleigh
149069,2022,Kaysha Love,Bobsleigh
149072,2022,Kris Horn,Bobsleigh
149068,2022,Sylvia Hoffman,Bobsleigh
149085,2022,Ben Ogden,Cross Country Skiing
149087,2022,Gus Schumacher,Cross Country Skiing
149082,2022,Hailey Swirbul,Cross Country Skiing
2302019,2022,Hannah Halvorsen,Cross Country Skiing
149086,2022,J. C. Schoonmaker,Cross Country Skiing
128689,2022,Jessie Diggins,Cross Country Skiing
149079,2022,Julia Kern,Cross Country Skiing
149083,2022,Kevin Bolger,Cross Country Skiing
149084,2022,Luke Jager,Cross Country Skiing
149081,2022,Novie McCabe,Cross Country Skiing
138267,2022,Rosie Brennan,Cross Country Skiing
138276,2022,Scott Patterson,Cross Country Skiing
149080,2022,Sophia Laukli,Cross Country Skiing
138278,2022,Aileen Geving,Curling
138279,2022,Becca Hamilton,Curling
118883,2022,Chris Plys,Curling
149090,2022,Colin Hufman,Curling
128695,2022,John Landsteiner,Curling
110160,2022,John Shuster,Curling
138283,2022,Matt Hamilton,Curling
138281,2022,Nina Roth,Curling
138280,2022,Tabitha Peterson-Lovick,Curling
149089,2022,Tara Peterson,Curling
149088,2022,Vicky Persinger,Curling
138303,2022,Alexa Scimeca Knierim,Figure Skating
149110,2022,Alysa Liu,Figure Skating
149108,2022,Ashley Cain-Gribble,Figure Skating
149112,2022,Brandon Frazier,Figure Skating
119076,2022,Evan Bates,Figure Skating
128725,2022,Jason Brown,Figure Skating
149111,2022,Jean-Luc Baker,Figure Skating
149109,2022,Kaitlin Hawayek,Figure Skating
138301,2022,Karen Chen,Figure Skating
128718,2022,Madison Chock,Figure Skating
138302,2022,Madison Hubbell,Figure Skating
149107,2022,Mariah Bell,Figure Skating
138305,2022,Nathan Chen,Figure Skating
149113,2022,Timothy LeDuc,Figure Skating
138309,2022,Vincent Zhou,Figure Skating
138306,2022,Zach Donohue,Figure Skating
128706,2022,Aaron Blunck,Freestyle Skiing
138294,2022,Alex Ferreira,Freestyle Skiing
138295,2022,Alex Hall,Freestyle Skiing
118948,2022,Ashley Caldwell,Freestyle Skiing
2302026,2022,Birk Irving,Freestyle Skiing
128714,2022,Brad Wilson,Freestyle Skiing
128704,2022,Brita Sigourney,Freestyle Skiing
149094,2022,Carly Margulies,Freestyle Skiing
138284,2022,Caroline Claire,Freestyle Skiing
149100,2022,Chris Lillis,Freestyle Skiing
149104,2022,Colby Stevenson,Freestyle Skiing
149101,2022,Cole McDonald,Freestyle Skiing
138291,2022,Darian Stevens,Freestyle Skiing
128715,2022,David Wise,Freestyle Skiing
128702,2022,Devin Logan,Freestyle Skiing
149105,2022,Dylan Walczyk,Freestyle Skiing
138297,2022,Eric Loughran,Freestyle Skiing
139199,2022,Hanna Faulhaber,Freestyle Skiing
149097,2022,Hannah Soar,Freestyle Skiing
138286,2022,Jaelin Kauf,Freestyle Skiing
149103,2022,Justin Schoenefeld,Freestyle Skiing
149096,2022,Kai Owens,Freestyle Skiing
149093,2022,Kaila Kuhn,Freestyle Skiing
149099,2022,Mac Forehand,Freestyle Skiing
138292,2022,Maggie Voisin,Freestyle Skiing
149092,2022,Marin Hamill,Freestyle Skiing
149095,2022,Megan Nick,Freestyle Skiing
128711,2022,Nick Goepper,Freestyle Skiing
149102,2022,Nick Page,Freestyle Skiing
149091,2022,Olivia Giaccio,Freestyle Skiing
149106,2022,Tyler Wallasch,Freestyle Skiing
149098,2022,Winter Vinecki,Freestyle Skiing
149140,2022,Aaron Ness,Ice Hockey
149118,2022,Abbey Murphy,Ice Hockey
149119,2022,Abby Roque,Ice Hockey
128729,2022,Alex Carpenter,Ice Hockey
1800063,2022,Alex Cavallini,Ice Hockey
128733,2022,Amanda Kessel,Ice Hockey
149138,2022,Andy Miele,Ice Hockey
149137,2022,Ben Meyers,Ice Hockey
149125,2022,Brendan Brisson,Ice Hockey
149128,2022,Brian Cooper,Ice Hockey
138338,2022,Brian O'Neill,Ice Hockey
128731,2022,Brianna Decker,Ice Hockey
149129,2022,Brock Faber,Ice Hockey
149117,2022,Caroline Harvey,Ice Hockey
138310,2022,Cayla Barnes,Ice Hockey
138312,2022,Dani Cameranesi,Ice Hockey
149145,2022,David Warsofsky,Ice Hockey
149127,2022,Drew Commesso,Ice Hockey
149131,2022,Drew Helleson,Ice Hockey
149121,2022,Grace Zumwinkle,Ice Hockey
138311,2022,Hannah Brandt,Ice Hockey
149120,2022,Hayley Scamurra,Ice Hockey
119215,2022,Hilary Knight,Ice Hockey
149142,2022,Jake Sanderson,Ice Hockey
149114,2022,Jesse Compher,Ice Hockey
149115,2022,Jincy Dunne,Ice Hockey
149195,2022,Justin Abdelkader,Ice Hockey
138317,2022,Kelly Pannek,Ice Hockey
128730,2022,Kendall Coyne Schofield,Ice Hockey
149123,2022,Kenny Agostino,Ice Hockey
128737,2022,Lee Stecklein,Ice Hockey
138321,2022,Maddie Rooney,Ice Hockey
149136,2022,Marc McLaughlin,Ice Hockey
149134,2022,Matt Knies,Ice Hockey
149124,2022,Matty Beniers,Ice Hockey
128728,2022,Megan Bozek,Ice Hockey
138315,2022,Megan Keller,Ice Hockey
149144,2022,Nathan Smith,Ice Hockey
149122,2022,Nick Abruzzese,Ice Hockey
149141,2022,Nick Perbix,Ice Hockey
149143,2022,Nick Shore,Ice Hockey
138314,2022,Nicole Hensley,Ice Hockey
149126,2022,Noah Cates,Ice Hockey
149139,2022,Pat Nagle,Ice Hockey
149132,2022,Sam Hentges,Ice Hockey
149116,2022,Savannah Harmon,Ice Hockey
149130,2022,Sean Farrell,Ice Hockey
149133,2022,Steven Kampfer,Ice Hockey
149135,2022,Strauss Mann,Ice Hockey
2302054,2022,Ashley Farquharson,Luge
119429,2022,Chris Mazdzer,Luge
138347,2022,Emily Sweeney,Luge
149147,2022,Jonathan Gustafson,Luge
149148,2022,Sean Hollander,Luge
128750,2022,Summer Britcher,Luge
128755,2022,Tucker West,Luge
149146,2022,Zachary DiGregorio,Luge
138353,2022,Ben Loomis,Nordic Combined
149150,2022,Jared Shumate,Nordic Combined
138352,2022,Jasper Good,Nordic Combined
149149,2022,Stephan Schumann,Nordic Combined
119483,2022,Taylor Fletcher,Nordic Combined
149170,2022,Andrew Heo,Short Track Speed Skating
149169,2022,Corie Stoddard,Short Track Speed Skating
149166,2022,Eunice Lee,Short Track Speed Skating
149167,2022,Julie Letai,Short Track Speed Skating
149168,2022,Kristen Santos,Short Track Speed Skating
138383,2022,Maame Biney,Short Track Speed Skating
1800042,2022,Ryan Pivirotto,Short Track Speed Skating
149160,2022,Andrew Blaser,Skeleton
110429,2022,Katie Uhlaender,Skeleton
149159,2022,Kelly Curtis,Skeleton
149180,2022,Anna Hoffmann,Ski Jumping
138359,2022,Casey Larson,Ski Jumping
149157,2022,Decker Dean,Ski Jumping
138357,2022,Kevin Bickner,Ski Jumping
149158,2022,Patrick Gasienica,Ski Jumping
138372,2022,Chase Josey,Snowboarding
138361,2022,Chloe Kim,Snowboarding
138368,2022,Chris Corning,Snowboarding
149156,2022,Cody Winters,Snowboarding
139945,2022,Courtney Rummel,Snowboarding
139946,2022,Dusty Henricksen,Snowboarding
119570,2022,Faye Gulini,Snowboarding
138373,2022,Hagen Kearney,Snowboarding
138362,2022,Hailey Langland,Snowboarding
2302065,2022,Jake Vedder,Snowboarding
128763,2022,Jamie Anderson,Snowboarding
138364,2022,Julia Marino,Snowboarding
110950,2022,Lindsey Jacobellis,Snowboarding
149155,2022,Lucas Foster,Snowboarding
138365,2022,Maddie Mastro,Snowboarding
138366,2022,Meghan Tierney,Snowboarding
138369,2022,Mick Dierdorff,Snowboarding
119606,2022,Nick Baumgartner,Snowboarding
138371,2022,Red Gerard,Snowboarding
149153,2022,Robert Burns,Snowboarding
149154,2022,Sean FitzSimons,Snowboarding
109860,2022,Shaun White,Snowboarding
149151,2022,Stacy Gaskill,Snowboarding
139954,2022,Tessa Maud,Snowboarding
128772,2022,Ty Gold,Snowboarding
149152,2022,Zoe Kalapos,Snowboarding
2302066,2022,Austin Kleba,Speed Skating
128778,2022,Brittany Bowe,Speed Skating
149164,2022,Casey Dawson,Speed Skating
128783,2022,Emery Lehman,Speed Skating
138378,2022,Erin Jackson,Speed Skating
149163,2022,Ethan Cepuran,Speed Skating
149161,2022,Giorgia Birkeland,Speed Skating
149165,2022,Ian Quinn,Speed Skating
128784,2022,Joey Mantia,Speed Skating
140168,2022,Jordan Stolz,Speed Skating
149162,2022,Kimi Goetz,Speed Skating
138379,2022,Mia Kilburg,Speed Skating
149062,2026,A. J. Hurt,Alpine Skiing
138247,2026,Breezy Johnson,Alpine Skiing
138248,2026,Bryce Bennett,Alpine Skiing
149066,2026,Isabella Wright,Alpine Skiing
128670,2026,Jackie Wiles,Alpine Skiing
2302012,2026,Keely Cashman,Alpine Skiing
157252,2026,Kyle Negomir,Alpine Skiing
101437,2026,Lindsey Vonn,Alpine Skiing
157204,2026,Mary Bocock,Alpine Skiing
128669,2026,Mikaela Shiffrin,Alpine Skiing
149065,2026,Nina O'Brien,Alpine Skiing
149064,2026,Paula Moltzan,Alpine Skiing
2302013,2026,River Radamus,Alpine Skiing
138251,2026,Ryan Cochran-Siegle,Alpine Skiing
157253,2026,Ryder Sarchett,Alpine Skiing
157251,2026,Sam Morse,Alpine Skiing
138808,2026,Campbell Wright,Biathlon
149076,2026,Deedra Irwin,Biathlon
138257,2026,Joanne Reid,Biathlon
157210,2026,Luci Anderson,Biathlon
157211,2026,Margie Freed,Biathlon
157259,2026,Maxime Germain,Biathlon
149078,2026,Paul Schommer,Biathlon
128679,2026,Sean Doherty,Biathlon
157205,2026,Azaria Hill,Bobsleigh
157255,2026,Boone Niederhofer,Bobsleigh
157257,2026,Bryan Sosoo,Bobsleigh
157254,2026,Caleb Furnell,Bobsleigh
157258,2026,Carsten Vissering,Bobsleigh
118644,2026,Elana Meyers Taylor,Bobsleigh
149071,2026,Frankie Del Duca,Bobsleigh
157256,2026,Hunter Powell,Bobsleigh
157208,2026,Jadin O'Brien,Bobsleigh
157206,2026,Jasmine Jones,Bobsleigh
149075,2026,Josh Williamson,Bobsleigh
118672,2026,Kaillie Humphries,Bobsleigh
149069,2026,Kaysha Love,Bobsleigh
149072,2026,Kris Horn,Bobsleigh
149085,2026,Ben Ogden,Cross Country Skiing
149087,2026,Gus Schumacher,Cross Country Skiing
149082,2026,Hailey Swirbul,Cross Country Skiing
2302020,2026,Hunter Wonders,Cross Country Skiing
149086,2026,J. C. Schoonmaker,Cross Country Skiing
128689,2026,Jessie Diggins,Cross Country Skiing
157260,2026,John Steel Hagenbuch,Cross Country Skiing
149079,2026,Julia Kern,Cross Country Skiing
138909,2026,Kendall Kramer,Cross Country Skiing
157212,2026,Lauren Jortberg,Cross Country Skiing
149081,2026,Novie McCabe,Cross Country Skiing
138267,2026,Rosie Brennan,Cross Country Skiing
157213,2026,Sammy Smith,Cross Country Skiing
157261,2026,Zak Ketterson,Cross Country Skiing
157262,2026,Zanden McMullen,Cross Country Skiing
157265,2026,Aidan Oldenburg,Curling
138278,2026,Aileen Geving,Curling
2302023,2026,Ben Richardson,Curling
1800083,2026,Cory Thiesse,Curling
157264,2026,Danny Casper,Curling
2300977,2026,Korey Dropkin,Curling
2302024,2026,Luc Violette,Curling
157266,2026,Rich Ruohonen,Curling
138280,2026,Tabitha Peterson-Lovick,Curling
149089,2026,Tara Peterson,Curling
2300976,2026,Taylor Anderson-Heide,Curling
149110,2026,Alysa Liu,Figure Skating
157223,2026,Amber Glenn,Figure Skating
157281,2026,Andrew Torgashev,Figure Skating
157280,2026,Anthony Ponomarenko,Figure Skating
157221,2026,Christina Carreira,Figure Skating
157279,2026,Danny O'Shea,Figure Skating
157224,2026,Ellie Kam,Figure Skating
157226,2026,Emilea Zingas,Figure Skating
157222,2026,Emily Chan,Figure Skating
119076,2026,Evan Bates,Figure Skating
157277,2026,Ilia Malinin,Figure Skating
157225,2026,Isabeau Levito,Figure Skating
128718,2026,Madison Chock,Figure Skating
157278,2026,Maxim Naumov,Figure Skating
157275,2026,Spencer Howe,Figure Skating
157276,2026,Vadym Kolesnik,Figure Skating
157220,2026,Abby Winterberger,Freestyle Skiing
138294,2026,Alex Ferreira,Freestyle Skiing
138295,2026,Alex Hall,Freestyle Skiing
157218,2026,Avery Krumme,Freestyle Skiing
2302026,2026,Birk Irving,Freestyle Skiing
157271,2026,Charlie Mickel,Freestyle Skiing
149100,2026,Chris Lillis,Freestyle Skiing
157267,2026,Connor Curran,Freestyle Skiing
157270,2026,Derek Krueger,Freestyle Skiing
149105,2026,Dylan Walczyk,Freestyle Skiing
157216,2026,Grace Henderson,Freestyle Skiing
157269,2026,Hunter Hess,Freestyle Skiing
138286,2026,Jaelin Kauf,Freestyle Skiing
149093,2026,Kaila Kuhn,Freestyle Skiing
1805937,2026,Kate Gray,Freestyle Skiing
157273,2026,Konnor Ralph,Freestyle Skiing
157214,2026,Kyra Dossa,Freestyle Skiing
157274,2026,Landon Wendler,Freestyle Skiing
1806313,2026,Liz Lemley,Freestyle Skiing
149099,2026,Mac Forehand,Freestyle Skiing
149092,2026,Marin Hamill,Freestyle Skiing
128711,2026,Nick Goepper,Freestyle Skiing
149102,2026,Nick Page,Freestyle Skiing
149091,2026,Olivia Giaccio,Freestyle Skiing
157268,2026,Quinn Dehlinger,Freestyle Skiing
157215,2026,Rell Harwood,Freestyle Skiing
140320,2026,Riley Jacobs,Freestyle Skiing
157217,2026,Svea Irving,Freestyle Skiing
157219,2026,Tasia Tanner,Freestyle Skiing
138285,2026,Tess Johnson,Freestyle Skiing
157272,2026,Troy Podmilsak,Freestyle Skiing
149098,2026,Winter Vinecki,Freestyle Skiing
149118,2026,Abbey Murphy,Ice Hockey
157231,2026,Aerin Frankel,Ice Hockey
128729,2026,Alex Carpenter,Ice Hockey
157291,2026,Auston Matthews,Ice Hockey
157235,2026,Ava McNaughton,Ice Hockey
157299,2026,Brady Tkachuk,Ice Hockey
157228,2026,Britta Curl-Salemme,Ice Hockey
149129,2026,Brock Faber,Ice Hockey
157294,2026,Brock Nelson,Ice Hockey
149117,2026,Caroline Harvey,Ice Hockey
138310,2026,Cayla Barnes,Ice Hockey
157292,2026,Charlie McAvoy,Ice Hockey
157288,2026,Clayton Keller,Ice Hockey
157286,2026,Connor Hellebuyck,Ice Hockey
157290,2026,Dylan Larkin,Ice Hockey
149121,2026,Grace Zumwinkle,Ice Hockey
157236,2026,Gwyneth Philips,Ice Hockey
157238,2026,Haley Winn,Ice Hockey
157227,2026,Hannah Bilka,Ice Hockey
149120,2026,Hayley Scamurra,Ice Hockey
119215,2026,Hilary Knight,Ice Hockey
157293,2026,J.T. Miller,Ice Hockey
157296,2026,Jaccob Slavin,Ice Hockey
2300991,2026,Jack Eichel,Ice Hockey
157319,2026,Jack Hughes,Ice Hockey
157289,2026,Jackson LaCombe,Ice Hockey
157284,2026,Jake Guentzel,Ice Hockey
157295,2026,Jake Oettinger,Ice Hockey
149142,2026,Jake Sanderson,Ice Hockey
157297,2026,Jeremy Swayman,Ice Hockey
157229,2026,Joy Dunne,Ice Hockey
138317,2026,Kelly Pannek,Ice Hockey
128730,2026,Kendall Coyne Schofield,Ice Hockey
157237,2026,Kirsten Simms,Ice Hockey
157283,2026,Kyle Connor,Ice Hockey
157230,2026,Laila Edwards,Ice Hockey
128737,2026,Lee Stecklein,Ice Hockey
157282,2026,Matt Boldy,Ice Hockey
157300,2026,Matthew Tkachuk,Ice Hockey
138315,2026,Megan Keller,Ice Hockey
157285,2026,Noah Hanifin,Ice Hockey
157287,2026,Quinn Hughes,Ice Hockey
157232,2026,Rory Guilday,Ice Hockey
157298,2026,Tage Thompson,Ice Hockey
157233,2026,Taylor Heise,Ice Hockey
157234,2026,Tessa Janecke,Ice Hockey
157301,2026,Vincent Trocheck,Ice Hockey
157302,2026,Zach Werenski,Ice Hockey
157303,2026,Ansel Haugsjaa,Luge
2302054,2026,Ashley Farquharson,Luge
157239,2026,Chevonne Forgan,Luge
138347,2026,Emily Fischnaller,Luge
149147,2026,Jonathan Gustafson,Luge
157304,2026,Marcus Mueller,Luge
139817,2026,Matthew Greiner,Luge
149148,2026,Sean Hollander,Luge
157240,2026,Sophia Kirkby,Luge
128750,2026,Summer Britcher,Luge
149146,2026,Zachary DiGregorio,Luge
138353,2026,Ben Loomis,Nordic Combined
139843,2026,Niklas Malacinski,Nordic Combined
149170,2026,Andrew Heo,Short Track Speed Skating
157316,2026,Brandon Kim,Short Track Speed Skating
157315,2026,Clayton DeClemente,Short Track Speed Skating
149169,2026,Corie Stoddard,Short Track Speed Skating
149166,2026,Eunice Lee,Short Track Speed Skating
149167,2026,Julie Letai,Short Track Speed Skating
157250,2026,Kamryn Lute,Short Track Speed Skating
149168,2026,Kristen Santos-Griswold,Short Track Speed Skating
157310,2026,Austin Florian,Skeleton
157309,2026,Dan Barefoot,Skeleton
149159,2026,Kelly Curtis,Skeleton
157247,2026,Mystique Ro,Skeleton
140047,2026,Annika Belshaw,Ski Jumping
1805696,2026,Jason Colby,Ski Jumping
1806097,2026,Josie Johnson,Ski Jumping
138357,2026,Kevin Bickner,Ski Jumping
140024,2026,Paige Jones,Ski Jumping
157308,2026,Tate Frantz,Ski Jumping
157248,2026,Anna Gibson,Ski Mountaineering
157311,2026,Cam Smith,Ski Mountaineering
1805512,2026,Alessandro Barbieri,Snowboarding
157242,2026,Bea Kim,Snowboarding
1806837,2026,Bri Schnorrbusch,Snowboarding
157305,2026,Chase Blackwell,Snowboarding
138372,2026,Chase Josey,Snowboarding
138361,2026,Chloe Kim,Snowboarding
149156,2026,Cody Winters,Snowboarding
119570,2026,Faye Thelen,Snowboarding
157243,2026,Hahna Norman,Snowboarding
1806639,2026,Hanna Percy,Snowboarding
157245,2026,Iris Pflum,Snowboarding
157306,2026,Jake Canter,Snowboarding
138376,2026,Jake Pates,Snowboarding
2302065,2026,Jake Vedder,Snowboarding
157244,2026,Jess Perlmutter,Snowboarding
157241,2026,Lily Dhawornvej,Snowboarding
138365,2026,Maddie Mastro,Snowboarding
157246,2026,Maddy Schaffrick,Snowboarding
157307,2026,Nathan Pare,Snowboarding
119606,2026,Nick Baumgartner,Snowboarding
1806403,2026,Oliver Martin,Snowboarding
138371,2026,Red Gerard,Snowboarding
149154,2026,Sean FitzSimons,Snowboarding
149151,2026,Stacy Gaskill,Snowboarding
128778,2026,Brittany Bowe,Speed Skating
149164,2026,Casey Dawson,Speed Skating
157312,2026,Conor McDermott-Mostowy,Speed Skating
157313,2026,Cooper McLeod,Speed Skating
128783,2026,Emery Lehman,Speed Skating
138378,2026,Erin Jackson,Speed Skating
149163,2026,Ethan Cepuran,Speed Skating
149161,2026,Giorgia Birkeland,Speed Skating
157249,2026,Greta Myers,Speed Skating
140168,2026,Jordan Stolz,Speed Skating
138379,2026,Mia Manganello,Speed Skating
2301021,2026,Sarah Warren,Speed Skating
157314,2026,Zach Stoppelmoor,Speed Skating
